param_noise, measurement_noise, output_varaince
1.000000000000000048e-04,5.005000000000000421e-02,1.000000000000000056e-01,1.000000000000000048e-04,5.005000000000000421e-02,1.000000000000000056e-01,1.000000000000000048e-04,5.005000000000000421e-02,1.000000000000000056e-01
1.000000000000000048e-04,1.000000000000000048e-04,1.000000000000000048e-04,5.005000000000000421e-02,5.005000000000000421e-02,5.005000000000000421e-02,1.000000000000000056e-01,1.000000000000000056e-01,1.000000000000000056e-01
2.329073592457448307e-04,2.285349569136098109e-04,2.285637122475602336e-04,9.313770441498310862e-03,6.346421825357643001e-03,7.532849779689112200e-03,3.185168836771096190e-02,2.621522256677053311e-02,3.062873479971828933e-02
