param_noise, measurement_noise, output_variance
1.000000000000000000e+00
1.000000000000000048e-04
0.000000000000000000e+00
