param_noise, measurement_noise, output_variance
1.000000000000000048e-04
1.000000000000000048e-04
nan
