param_noise, measurement_noise, output_variance
1.000000000000000048e-04,5.005000000000000421e-02,1.000000000000000056e-01,1.000000000000000048e-04,5.005000000000000421e-02,1.000000000000000056e-01,1.000000000000000048e-04,5.005000000000000421e-02,1.000000000000000056e-01
1.000000000000000048e-04,1.000000000000000048e-04,1.000000000000000048e-04,5.005000000000000421e-02,5.005000000000000421e-02,5.005000000000000421e-02,1.000000000000000056e-01,1.000000000000000056e-01,1.000000000000000056e-01
2.318738885755765972e-04,2.281645122009091204e-04,2.269182188672626364e-04,8.183070433978064176e-03,7.238584785180957742e-03,6.293698648863988061e-03,2.662025644343161274e-02,2.680626018691675133e-02,2.943954350491411603e-02
