param_noise, measurement_noise, output_variance
1.000000000000000048e-04,5.007500000000000839e-02,1.000500000000000139e-01,1.500250000000000195e-01,2.000000000000000111e-01,1.000000000000000048e-04,5.007500000000000839e-02,1.000500000000000139e-01,1.500250000000000195e-01,2.000000000000000111e-01,1.000000000000000048e-04,5.007500000000000839e-02,1.000500000000000139e-01,1.500250000000000195e-01,2.000000000000000111e-01,1.000000000000000048e-04,5.007500000000000839e-02,1.000500000000000139e-01,1.500250000000000195e-01,2.000000000000000111e-01,1.000000000000000048e-04,5.007500000000000839e-02,1.000500000000000139e-01,1.500250000000000195e-01,2.000000000000000111e-01
1.000000000000000048e-04,1.000000000000000048e-04,1.000000000000000048e-04,1.000000000000000048e-04,1.000000000000000048e-04,5.007500000000000839e-02,5.007500000000000839e-02,5.007500000000000839e-02,5.007500000000000839e-02,5.007500000000000839e-02,1.000500000000000139e-01,1.000500000000000139e-01,1.000500000000000139e-01,1.000500000000000139e-01,1.000500000000000139e-01,1.500250000000000195e-01,1.500250000000000195e-01,1.500250000000000195e-01,1.500250000000000195e-01,1.500250000000000195e-01,2.000000000000000111e-01,2.000000000000000111e-01,2.000000000000000111e-01,2.000000000000000111e-01,2.000000000000000111e-01
2.612157928998682386e-04,5.005707985921496435e-04,7.704332375199961312e-04,1.388732221553060781e-03,8.702389283678181597e-02,7.614535600822880564e-03,6.361007731997068981e-03,8.522579801505673208e-03,6.262266443915674892e-03,1.029546018724182034e-02,3.121267306345726356e-02,3.009249226823090123e-02,2.826798361733402418e-02,2.978530015083924107e-02,2.391031894579118827e-02,6.909853118137519734e-02,5.937324282917772617e-02,5.563948412062515170e-02,5.733622297112402066e-02,6.926862604274805491e-02,1.276240683496805972e-01,1.371239694893441330e-01,9.153953695219038678e-02,1.152807486239112722e-01,1.111307727447193167e-01
