param_noise, measurement_noise, accuracy, precision, output_variance
9.999999999999999547e-07,9.999999999999999547e-07,9.999999999999999547e-07,9.999999999999999547e-07,2.000006666666666599e-01,2.000006666666666599e-01,2.000006666666666599e-01,2.000006666666666599e-01,4.000003333333332911e-01,4.000003333333332911e-01,4.000003333333332911e-01,4.000003333333332911e-01,5.999999999999999778e-01,5.999999999999999778e-01,5.999999999999999778e-01,5.999999999999999778e-01
0.000000000000000000e+00,9.999999999999999167e-02,1.999999999999999833e-01,2.999999999999999889e-01,0.000000000000000000e+00,9.999999999999999167e-02,1.999999999999999833e-01,2.999999999999999889e-01,0.000000000000000000e+00,9.999999999999999167e-02,1.999999999999999833e-01,2.999999999999999889e-01,0.000000000000000000e+00,9.999999999999999167e-02,1.999999999999999833e-01,2.999999999999999889e-01
1.245495439852180135e-02,1.953302476020831593e-06,3.592807877587454457e-01,2.770837258904092959e-06,5.301095392292939357e-01,6.368752219442255225e-01,8.103725403357490142e-01,9.105406460570387717e-01,9.104389084247664909e-01,1.062268787372851131e+00,9.808266241572273225e-01,8.532041236696791264e-01,8.558898223012522122e-01,7.976940223745558889e-01,6.991295129168932920e-01,4.074511827954033216e-01
1.057091910887630656e-05,2.391221073344411027e-13,8.606403063495251041e-03,6.875090167561484881e-13,2.015480917055158597e-02,2.609329969232114521e-02,4.319951480046040765e-02,4.948118580203939715e-02,4.946019733864538692e-02,6.809125862392285955e-02,5.838353136393119314e-02,4.477970265757461044e-02,4.496595441742268912e-02,3.884940718013461802e-02,2.955823757866576224e-02,1.993765716405476035e-02
2.378880019860414412e-04,3.377654360629638725e-02,1.695450129380112192e-01,4.550461157534399503e-01,4.346227631590326990e-01,4.471221610145991177e-01,5.754526902959389290e-01,6.942227138305695489e-01,6.942226551732054718e-01,7.187904454895817086e-01,8.164500428879661875e-01,1.221281794590262759e+00,1.221279593214299686e+00,1.265045774303179327e+00,1.449028658150944615e+00,1.668843469545779445e+00
